Topics,Coherence
2,0.4534543746792019
3,0.4217332082084231
4,0.41974763889959266
5,0.41888579882304955
6,0.41160418171114177
7,0.42696367159774934
8,0.4043818878960799
9,0.4249894675085014
10,0.4197556960017015
